id,firstname,lastname,date_naissance,updated_at
1,Thibault,Gilles,2006-12-03,2020-12-02 15:15:51
2,Nicole,Dos Santos,2006-11-25,2022-01-07 01:34:12
3,Franck,Letellier,2005-11-30,2020-06-16 21:13:40
4,Danielle,Carre,2004-02-04,2022-08-24 10:15:22
5,Lorraine,Lejeune,2005-09-23,2021-08-24 20:53:30
6,Daniel,Rey,2007-07-26,2021-07-23 01:30:32
7,Adrienne,Munoz,2003-04-14,2021-04-13 18:51:19
8,Guillaume,Masse,2006-08-17,2024-01-22 22:54:05
9,Jeanne,Perez,2005-10-12,2022-11-21 04:11:41
10,Auguste,Hebert,2006-09-28,2025-06-26 07:30:38
11,Michelle,Jacquot,2004-01-22,2022-06-09 13:48:45
12,Pierre,Martins,2003-06-05,2025-07-11 10:01:06
13,Roland,Picard,2003-06-09,2024-03-29 21:53:36
14,Henri,Guérin,2004-01-31,2023-11-07 17:50:16
15,Guy,Lambert,2004-08-16,2024-04-16 01:47:05
16,Danielle,Vincent,2005-08-04,2021-10-05 09:45:08
17,Françoise,Antoine,2007-02-23,2022-10-27 11:59:07
18,Marie,Le Gall,2007-02-09,2022-01-31 21:40:41
19,Augustin,Marion,2004-05-09,2023-12-09 16:02:46
20,Richard,Grondin,2006-07-06,2021-04-27 04:03:05
21,Michelle,Cordier,2006-10-24,2022-12-30 19:48:52
22,Madeleine,Legros,2004-05-24,2024-03-21 17:30:06
23,Édith,Gallet,2006-04-21,2025-01-01 14:50:05
24,Jeannine,Le Roux,2007-04-27,2022-05-22 01:17:38
25,Julie,Lemonnier,2004-04-23,2025-01-14 09:41:03
26,Mathilde,Roche,2003-10-16,2023-12-07 01:50:14
27,Bertrand,Blin,2002-11-16,2020-10-26 02:32:28
28,Anouk,Alves,2007-06-29,2022-03-01 00:51:24
29,Édith,Costa,2004-07-14,2023-12-16 22:31:51
30,Margot,Guillot,2006-05-08,2023-06-14 03:13:09
31,Lorraine,Lebon,2003-11-21,2021-06-11 22:51:43
32,Célina,Verdier,2006-08-25,2022-07-03 14:18:43
33,Marthe,Morvan,2006-04-04,2024-10-26 05:01:10
34,François,Renaud,2006-06-21,2023-04-28 04:47:07
35,André,Sanchez,2004-01-06,2023-12-17 07:13:49
36,Alex,Pottier,2006-08-20,2024-06-08 22:20:08
37,Gabrielle,Fabre,2002-11-04,2023-08-16 15:47:49
38,Emmanuelle,Laine,2005-05-10,2020-10-21 13:56:40
39,Patricia,Gilles,2007-07-13,2022-12-20 11:56:16
40,Dominique,Gomez,2004-12-16,2024-04-10 03:42:14
41,Marc,Henry,2003-07-28,2024-03-23 21:52:59
42,Suzanne,Nicolas,2005-09-05,2021-11-18 23:02:03
43,Jacqueline,Bousquet,2006-11-28,2024-04-07 14:30:56
44,David,Maillard,2004-11-25,2022-11-28 07:16:20
45,Suzanne,Robin,2006-04-12,2025-07-17 04:29:52
46,Marc,Mahe,2007-01-17,2020-08-19 06:55:48
47,Camille,Pinto,2004-05-30,2025-07-15 01:51:59
48,Denise,Marques,2006-05-08,2024-05-31 19:40:21
49,Nath,Brunel,2006-05-11,2024-10-02 05:34:47
50,Marcel,Ruiz,2004-12-12,2024-04-07 04:51:56
